{
  "project_info": {
    "project_number": "899150363376",
    "project_id": "orvbaapp11",
    "storage_bucket": "orvbaapp11.appspot.com"
  },
  "client": [
    {
      "client_info": {
        "mobilesdk_app_id": "1:899150363376:android:75f2a42778683904dca035",
        "android_client_info": {
          "package_name": "com.project.orvbaapp11"
        }
      },
      "oauth_client": [
        {
          "client_id": "899150363376-ijv1o6eg1avrc92ockno7mmh0spe238h.apps.googleusercontent.com",
          "client_type": 3
        }
      ],
      "api_key": [
        {
          "current_key": "AIzaSyA_3zcN6Tdnp1l9wQVVQXh1wqFRCbmM0xE"
        }
      ],
      "services": {
        "appinvite_service": {
          "other_platform_oauth_client": [
            {
              "client_id": "899150363376-ijv1o6eg1avrc92ockno7mmh0spe238h.apps.googleusercontent.com",
              "client_type": 3
            }
          ]
        }
      }
    }
  ],
  "configuration_version": "1"
}